point,time_ms,duration_ms,current_throttle,commanded_throttle,current_h,commanded_h,delta_h,raw_steps,steps,direction,step_rate_steps_per_s,interval_us
0,0,0,1.0,1.0,0.000501312,0.000501312,0.0,0.0,0,1,0,0
1,500,500,1.0,0.5,0.000501312,0.000258256875,0.00024305512499999998,2669.7174929999996,2670,0,5340.0,187
2,1250,750,0.5,0.25,0.000258256875,0.0001497266484375,0.00010853022656249998,1192.0960085625,1192,0,1589.3333333333333,629
3,2500,1250,0.25,0.75,0.0001497266484375,0.0003712158984374999,-0.0002214892499999999,-2432.8379219999993,2433,1,1946.4,514
4,3000,500,0.75,0.625,0.0003712158984374999,0.00031261702880859375,5.859886962890614e-05,643.649984003905,644,0,1288.0,776
5,4000,1000,0.625,1.0,0.00031261702880859375,0.000501312,-0.0001886949711914062,-2072.625563566406,2073,1,2073.0,482
